<?xml version="1.0" encoding="UTF-8" standalone="yes"?>
<addon id="repository.mschaper" name="MSchaper" version="2.0" provider-name="Mschaper">
  <extension point="xbmc.addon.repository" name="Mijn Repository">
        <info compressed="false">http://emk.esy.es/Plugins/addons.xml</info>
		<checksum>http://emk.esy.es/Plugins/addons.xml.md5</checksum>
		<datadir zip="true">http://emk.esy.es/Plugins/</datadir>
  </extension>
  <extension point="xbmc.addon.metadata">
    <summary lang="en">YouTube Addons van Mschaper</summary>
    <description lang="en">YouTube Addons van Mschaper</description>
    <platform>all</platform>
  </extension>
</addon>